
INSERT INTO ESPECIALIZACAO (id_treinamento, area_treinamento, nome_treinamento) VALUES (200, 'Programação', 'Prog Som');
INSERT INTO ESPECIALIZACAO (id_treinamento, area_treinamento, nome_treinamento) VALUES (201, 'Programação', 'Prog IA');
INSERT INTO ESPECIALIZACAO (id_treinamento, area_treinamento, nome_treinamento) VALUES (202, 'Programação', 'Prog Redes');
INSERT INTO ESPECIALIZACAO (id_treinamento, area_treinamento, nome_treinamento) VALUES (203, 'Programação', 'Prog Gráficos');
INSERT INTO ESPECIALIZACAO (id_treinamento, area_treinamento, nome_treinamento) VALUES (204, 'Programação', 'Prog Ferramentas');
INSERT INTO ESPECIALIZACAO (id_treinamento, area_treinamento, nome_treinamento) VALUES (205, 'Som', 'Dublador');
INSERT INTO ESPECIALIZACAO (id_treinamento, area_treinamento, nome_treinamento) VALUES (206, 'Som', 'Compositor');
INSERT INTO ESPECIALIZACAO (id_treinamento, area_treinamento, nome_treinamento) VALUES (207, 'Som', 'Mixing');
INSERT INTO ESPECIALIZACAO (id_treinamento, area_treinamento, nome_treinamento) VALUES (208, 'Som', 'Artista Musical');
INSERT INTO ESPECIALIZACAO (id_treinamento, area_treinamento, nome_treinamento) VALUES (209, 'Som', 'Supervisor de Som');
INSERT INTO ESPECIALIZACAO (id_treinamento, area_treinamento, nome_treinamento) VALUES (210, 'Design', 'Ilustrador');
INSERT INTO ESPECIALIZACAO (id_treinamento, area_treinamento, nome_treinamento) VALUES (211, 'Design', 'Animador');
INSERT INTO ESPECIALIZACAO (id_treinamento, area_treinamento, nome_treinamento) VALUES (212, 'Design', 'Roteirista');
INSERT INTO ESPECIALIZACAO (id_treinamento, area_treinamento, nome_treinamento) VALUES (213, 'Design', 'Level Designer');
INSERT INTO ESPECIALIZACAO (id_treinamento, area_treinamento, nome_treinamento) VALUES (214, 'Design', 'Supervisor de Arte');

INSERT INTO FUNCIONARIOS (id, nome, telefone) VALUES (1, 'Gustavo Cunha', '(42) 4002-8922');		
INSERT INTO FUNCIONARIOS (id, nome, telefone) VALUES (2, 'Lucca Toledo', '(42) 6236-8524');		
INSERT INTO FUNCIONARIOS (id, nome, telefone) VALUES (3, 'Matheus Kenji', '(42) 5352-4546');		
INSERT INTO FUNCIONARIOS (id, nome, telefone) VALUES (4, 'Lucas Alexandre', '(42) 0935-9542');		
INSERT INTO FUNCIONARIOS (id, nome, telefone) VALUES (5, 'Matheus Patriarca', '(42) 0139-3112');		
INSERT INTO FUNCIONARIOS (id, nome, telefone) VALUES (6, 'Igor Lara', '(42) 6029-0912');		
INSERT INTO FUNCIONARIOS (id, nome, telefone) VALUES (7, 'Eric Ferreira', '(42) 9130-3194');		
INSERT INTO FUNCIONARIOS (id, nome, telefone) VALUES (8, 'Fernando Santos', '(42) 1938-5834');		
INSERT INTO FUNCIONARIOS (id, nome, telefone) VALUES (9, 'Davi Davanzo', '(42) 3131-3985');
INSERT INTO FUNCIONARIOS (id, nome, telefone) VALUES (10, 'Getúlio Mineiro', '(42) 5678-1295');
INSERT INTO FUNCIONARIOS (id, nome, telefone) VALUES (11, 'Arthur Rodrigo', '(42) 4832-2116');
INSERT INTO FUNCIONARIOS (id, nome, telefone) VALUES (12, 'Rafael Martins', '(42) 4980-7625');
INSERT INTO FUNCIONARIOS (id, nome, telefone) VALUES (13, 'Júlia Costa', '(42) 2785-4685');
INSERT INTO FUNCIONARIOS (id, nome, telefone) VALUES (14, 'Maria Ribeiro', '(42) 4162-3286');
INSERT INTO FUNCIONARIOS (id, nome, telefone) VALUES (15, 'Juliano Silva', '(42) 6808-3346');
INSERT INTO FUNCIONARIOS (id, nome, telefone) VALUES (16, 'Gustavo Henrique', '(42) 4391-9585');
INSERT INTO FUNCIONARIOS (id, nome, telefone) VALUES (17, 'Vitor Gabriel', '(42) 4449-3584');
INSERT INTO FUNCIONARIOS (id, nome, telefone) VALUES (18, 'Cauê Damasceno', '(42) 9345-2372');
INSERT INTO FUNCIONARIOS (id, nome, telefone) VALUES (19, 'Wilson Machado', '(42) 8814-9480');
INSERT INTO FUNCIONARIOS (id, nome, telefone) VALUES (20, 'Caio Gonsalves', '(42) 1228-4059');
INSERT INTO FUNCIONARIOS (id, nome, telefone) VALUES (21, 'Gabriel Bittencourt', '(42) 6003-3685');
INSERT INTO FUNCIONARIOS (id, nome, telefone) VALUES (22, 'Larissa Gomes', '(42) 7217-8057');
INSERT INTO FUNCIONARIOS (id, nome, telefone) VALUES (23, 'Fábio Penha', '(42) 1785-8424');
INSERT INTO FUNCIONARIOS (id, nome, telefone) VALUES (24, 'Vitória Fonseca', '(42) 3007-0790');
INSERT INTO FUNCIONARIOS (id, nome, telefone) VALUES (25, 'Adalberto Matias', '(42) 7312-4772');
INSERT INTO FUNCIONARIOS (id, nome, telefone) VALUES (26, 'Raissa Cardoso', '(42) 1790-8322');
INSERT INTO FUNCIONARIOS (id, nome, telefone) VALUES (27, 'João Neves', '(42) 5225-1113');
INSERT INTO FUNCIONARIOS (id, nome, telefone) VALUES (28, 'Afonso Amaral', '(42) 7738-4611');
INSERT INTO FUNCIONARIOS (id, nome, telefone) VALUES (29, 'Ricardo Coimbra', '(42) 4353-6776');
INSERT INTO FUNCIONARIOS (id, nome, telefone) VALUES (30, 'Flávio Martins', '(42) 3426-0971');

INSERT INTO JOGO(nome, categoria, milestone, faixa_etaria) VALUES ('Starcraft 2', 'RTS', 'Alpha', '14 anos');				
INSERT INTO JOGO(nome, categoria, milestone, faixa_etaria) VALUES ('Hearthstone', 'Cardgame', 'Finalizado', 'Livre');				
INSERT INTO JOGO(nome, categoria, milestone, faixa_etaria) VALUES ('World of Warcraft', 'MMORPG', 'Crunch Time', '12 anos');				
INSERT INTO JOGO(nome, categoria, milestone, faixa_etaria) VALUES ('Overwatch', 'Ação', 'Finalizado', '12 anos');				
INSERT INTO JOGO(nome, categoria, milestone, faixa_etaria) VALUES ('Diablo 3', 'RPG de Ação', 'Finalizado', '16 anos');				
INSERT INTO JOGO(nome, categoria, milestone, faixa_etaria) VALUES ('Heroes of the Storm', 'MOBA', 'Finalizado', '10 anos');				
INSERT INTO JOGO(nome, categoria, milestone, faixa_etaria) VALUES ('Overwatch 2', 'Ação', 'Finalizado', '12 anos');				
INSERT INTO JOGO(nome, categoria, milestone, faixa_etaria) VALUES ('Warcraft 3', 'RTS', 'Finalizado', '14 anos');				
INSERT INTO JOGO(nome, categoria, milestone, faixa_etaria) VALUES ('Starcraft', 'RTS', 'Finalizado', '14 anos');				
INSERT INTO JOGO(nome, categoria, milestone, faixa_etaria) VALUES ('Warcraft 2', 'RTS', 'Finalizado', '14 anos');			

INSERT INTO A_ENGINE(id_engine, nome, versao, api) VALUES (50, 'Unity', 'Unity 2020', 'Direct3D');
INSERT INTO A_ENGINE(id_engine, nome, versao, api) VALUES (51, 'Unity', 'Unity 2019', 'Direct3D');		
INSERT INTO A_ENGINE(id_engine, nome, versao, api) VALUES (52, 'Unity', 'Unity 2018', 'Direct3D');		
INSERT INTO A_ENGINE(id_engine, nome, versao, api) VALUES (53, 'Frostbite', 'Frostbite 3', 'DirectX 11');		
INSERT INTO A_ENGINE(id_engine, nome, versao, api) VALUES (54, 'Frostbite', 'Frostbite 2', 'DirectX 11');		
INSERT INTO A_ENGINE(id_engine, nome, versao, api) VALUES (55, 'UnrealEngine', 'Unreal Engine 5', 'Vulkan');		
INSERT INTO A_ENGINE(id_engine, nome, versao, api) VALUES (56, 'UnrealEngine', 'Unreal Engine 4', 'Vulkan');		
INSERT INTO A_ENGINE(id_engine, nome, versao, api) VALUES (57, 'UnrealEngine', 'Unreal Engine 3', 'Vulkan');		
INSERT INTO A_ENGINE(id_engine, nome, versao, api) VALUES (58, 'GameMaker', 'GameMaker Studio 2', 'OpenGL');		
INSERT INTO A_ENGINE(id_engine, nome, versao, api) VALUES (59, 'GameMaker', 'GameMaker Studio', 'OpenGL');		

INSERT INTO FUNCIONARIO_TEM_ESPECIALIZACAO (id_treinamento, id_funcionario) VALUES (200, 1);
INSERT INTO FUNCIONARIO_TEM_ESPECIALIZACAO (id_treinamento, id_funcionario) VALUES (200, 2);
INSERT INTO FUNCIONARIO_TEM_ESPECIALIZACAO (id_treinamento, id_funcionario) VALUES (201, 3);
INSERT INTO FUNCIONARIO_TEM_ESPECIALIZACAO (id_treinamento, id_funcionario) VALUES (201, 4);
INSERT INTO FUNCIONARIO_TEM_ESPECIALIZACAO (id_treinamento, id_funcionario) VALUES (202, 5);
INSERT INTO FUNCIONARIO_TEM_ESPECIALIZACAO (id_treinamento, id_funcionario) VALUES (202, 6);
INSERT INTO FUNCIONARIO_TEM_ESPECIALIZACAO (id_treinamento, id_funcionario) VALUES (203, 7);
INSERT INTO FUNCIONARIO_TEM_ESPECIALIZACAO (id_treinamento, id_funcionario) VALUES (203, 8);
INSERT INTO FUNCIONARIO_TEM_ESPECIALIZACAO (id_treinamento, id_funcionario) VALUES (204, 9);
INSERT INTO FUNCIONARIO_TEM_ESPECIALIZACAO (id_treinamento, id_funcionario) VALUES (204, 10);
INSERT INTO FUNCIONARIO_TEM_ESPECIALIZACAO (id_treinamento, id_funcionario) VALUES (205, 11);
INSERT INTO FUNCIONARIO_TEM_ESPECIALIZACAO (id_treinamento, id_funcionario) VALUES (205, 12);
INSERT INTO FUNCIONARIO_TEM_ESPECIALIZACAO (id_treinamento, id_funcionario) VALUES (206, 13);
INSERT INTO FUNCIONARIO_TEM_ESPECIALIZACAO (id_treinamento, id_funcionario) VALUES (206, 14);
INSERT INTO FUNCIONARIO_TEM_ESPECIALIZACAO (id_treinamento, id_funcionario) VALUES (207, 15);
INSERT INTO FUNCIONARIO_TEM_ESPECIALIZACAO (id_treinamento, id_funcionario) VALUES (207, 16);
INSERT INTO FUNCIONARIO_TEM_ESPECIALIZACAO (id_treinamento, id_funcionario) VALUES (208, 17);
INSERT INTO FUNCIONARIO_TEM_ESPECIALIZACAO (id_treinamento, id_funcionario) VALUES (208, 18);
INSERT INTO FUNCIONARIO_TEM_ESPECIALIZACAO (id_treinamento, id_funcionario) VALUES (209, 19);
INSERT INTO FUNCIONARIO_TEM_ESPECIALIZACAO (id_treinamento, id_funcionario) VALUES (209, 20);
INSERT INTO FUNCIONARIO_TEM_ESPECIALIZACAO (id_treinamento, id_funcionario) VALUES (210, 21);
INSERT INTO FUNCIONARIO_TEM_ESPECIALIZACAO (id_treinamento, id_funcionario) VALUES (210, 22);
INSERT INTO FUNCIONARIO_TEM_ESPECIALIZACAO (id_treinamento, id_funcionario) VALUES (211, 23);
INSERT INTO FUNCIONARIO_TEM_ESPECIALIZACAO (id_treinamento, id_funcionario) VALUES (211, 24);
INSERT INTO FUNCIONARIO_TEM_ESPECIALIZACAO (id_treinamento, id_funcionario) VALUES (212, 25);
INSERT INTO FUNCIONARIO_TEM_ESPECIALIZACAO (id_treinamento, id_funcionario) VALUES (212, 26);
INSERT INTO FUNCIONARIO_TEM_ESPECIALIZACAO (id_treinamento, id_funcionario) VALUES (213, 27);
INSERT INTO FUNCIONARIO_TEM_ESPECIALIZACAO (id_treinamento, id_funcionario) VALUES (213, 28);
INSERT INTO FUNCIONARIO_TEM_ESPECIALIZACAO (id_treinamento, id_funcionario) VALUES (214, 29);
INSERT INTO FUNCIONARIO_TEM_ESPECIALIZACAO (id_treinamento, id_funcionario) VALUES (214, 30);

INSERT INTO PRODUCAO_DE_ARTE (id_criacao, nivel, roteiro_nivel, assets_graficos, nome_jogo) VALUES (300, 'Aquático', 'Roteiro Parte #1', 'Pacote de Assets #17', 'World of Warcraft');		
INSERT INTO PRODUCAO_DE_ARTE (id_criacao, nivel, roteiro_nivel, assets_graficos, nome_jogo) VALUES (301, 'Montanhoso', 'Roteiro Parte #2', 'Pacote de Assets #65', 'World of Warcraft');			
INSERT INTO PRODUCAO_DE_ARTE (id_criacao, nivel, roteiro_nivel, assets_graficos, nome_jogo) VALUES (302, 'Floresta', 'Roteiro Parte #3', 'Pacote de Assets #32', 'World of Warcraft');
INSERT INTO PRODUCAO_DE_ARTE (id_criacao, nivel, roteiro_nivel, assets_graficos, nome_jogo) VALUES (303, 'Deserto', 'Roteiro Parte #4', 'Pacote de Assets # 34', 'World of Warcraft');				
INSERT INTO PRODUCAO_DE_ARTE (id_criacao, nivel, roteiro_nivel, assets_graficos, nome_jogo) VALUES (304, 'Savana', 'Roteiro Parte #5', 'Pacote de Assets #85', 'World of Warcraft');				
INSERT INTO PRODUCAO_DE_ARTE (id_criacao, nivel, roteiro_nivel, assets_graficos, nome_jogo) VALUES (305, 'Selva', 'Roteiro Parte #6', 'Pacote de Assets #23', 'Starcraft 2');				
INSERT INTO PRODUCAO_DE_ARTE (id_criacao, nivel, roteiro_nivel, assets_graficos, nome_jogo) VALUES (306, 'Caverna', 'Roteiro Parte #7', 'Pacote de Assets #36', 'Starcraft 2');				
INSERT INTO PRODUCAO_DE_ARTE (id_criacao, nivel, roteiro_nivel, assets_graficos, nome_jogo) VALUES (307, 'Tundra', 'Roteiro Parte #8', 'Pacote de Assets #05', 'Starcraft 2');			
INSERT INTO PRODUCAO_DE_ARTE (id_criacao, nivel, roteiro_nivel, assets_graficos, nome_jogo) VALUES (308, 'Planície', 'Roteiro Parte #9', 'Pacote de Assets #45', 'Starcraft 2');				
INSERT INTO PRODUCAO_DE_ARTE (id_criacao, nivel, roteiro_nivel, assets_graficos, nome_jogo) VALUES (309, 'Pântano', 'Roteiro Parte #10', 'Pacote de Assets #93', 'Starcraft 2');				

INSERT INTO PRODUCAO_DE_AUDIO (id_som, tipo_som, letra_script, nome_jogo) VALUES (400, 'Música', 'Letra de Darude - Sandstorm', 'World of Warcraft');			
INSERT INTO PRODUCAO_DE_AUDIO (id_som, tipo_som, letra_script, nome_jogo) VALUES (401, 'Música', 'Letra de Shooting Stars', 'Starcraft 2');			
INSERT INTO PRODUCAO_DE_AUDIO (id_som, tipo_som, letra_script, nome_jogo) VALUES (402, 'Música', 'Letra de Smash Mouth - All Star', 'World of Warcraft');		
INSERT INTO PRODUCAO_DE_AUDIO (id_som, tipo_som, letra_script, nome_jogo) VALUES (403, 'Música', 'Letra de Undertale - Megalovania', 'Starcraft 2');
INSERT INTO PRODUCAO_DE_AUDIO (id_som, tipo_som, letra_script, nome_jogo) VALUES (404, 'Música', 'Letra de TOTO - Africa', 'World of Warcraft');		
INSERT INTO PRODUCAO_DE_AUDIO (id_som, tipo_som, letra_script, nome_jogo) VALUES (405, 'Dublagem', 'Script de Dublagem #34', 'Starcraft 2');		
INSERT INTO PRODUCAO_DE_AUDIO (id_som, tipo_som, letra_script, nome_jogo) VALUES (406, 'Dublagem', 'Script de Dublagem #76', 'World of Warcraft');		
INSERT INTO PRODUCAO_DE_AUDIO (id_som, tipo_som, letra_script, nome_jogo) VALUES (407, 'Dublagem', 'Script de Dublagem #92', 'Starcraft 2');		
INSERT INTO PRODUCAO_DE_AUDIO (id_som, tipo_som, letra_script, nome_jogo) VALUES (408, 'Dublagem', 'Script de Dublagem #84', 'World of Warcraft');		
INSERT INTO PRODUCAO_DE_AUDIO (id_som, tipo_som, letra_script, nome_jogo) VALUES (409, 'Dublagem', 'Script de Dublagem #11', 'Starcraft 2');		

INSERT INTO PROGRAMACAO (id_codigo, linguagem, classe, nome_jogo, id_engine) VALUES (500, 'C', 'Som', 'World of Warcraft', 50);
INSERT INTO PROGRAMACAO (id_codigo, linguagem, classe, nome_jogo, id_engine) VALUES (501, 'C', 'Som', 'Starcraft 2', 51);				
INSERT INTO PROGRAMACAO (id_codigo, linguagem, classe, nome_jogo, id_engine) VALUES (502, 'C#', 'IA', 'World of Warcraft', 52);				
INSERT INTO PROGRAMACAO (id_codigo, linguagem, classe, nome_jogo, id_engine) VALUES (503, 'C#', 'IA', 'Starcraft 2', 53);				
INSERT INTO PROGRAMACAO (id_codigo, linguagem, classe, nome_jogo, id_engine) VALUES (504, 'C++', 'Rede', 'World of Warcraft', 54);				
INSERT INTO PROGRAMACAO (id_codigo, linguagem, classe, nome_jogo, id_engine) VALUES (505, 'C++', 'Rede', 'Starcraft 2', 55);				
INSERT INTO PROGRAMACAO (id_codigo, linguagem, classe, nome_jogo, id_engine) VALUES (506, 'JAVA', 'Gráfico', 'World of Warcraft', 56);				
INSERT INTO PROGRAMACAO (id_codigo, linguagem, classe, nome_jogo, id_engine) VALUES (507, 'JAVA', 'Gráfico', 'Starcraft 2', 57);				
INSERT INTO PROGRAMACAO (id_codigo, linguagem, classe, nome_jogo, id_engine) VALUES (508, 'Python', 'Ferramenta', 'World of Warcraft', 58);				
INSERT INTO PROGRAMACAO (id_codigo, linguagem, classe, nome_jogo, id_engine) VALUES (509, 'Python', 'Ferramenta', 'Starcraft 2', 59);				

INSERT INTO DESIGNERS (id_funcionario, id_criacao, cargo) VALUES (11, 300, 'Ilustrador');
INSERT INTO DESIGNERS (id_funcionario, id_criacao, cargo) VALUES (12, 301, 'Ilustrador');
INSERT INTO DESIGNERS (id_funcionario, id_criacao, cargo) VALUES (13, 302, 'Animador');
INSERT INTO DESIGNERS (id_funcionario, id_criacao, cargo) VALUES (14, 303, 'Animador');
INSERT INTO DESIGNERS (id_funcionario, id_criacao, cargo) VALUES (15, 304, 'Roteirista');
INSERT INTO DESIGNERS (id_funcionario, id_criacao, cargo) VALUES (16, 305, 'Roteirista');
INSERT INTO DESIGNERS (id_funcionario, id_criacao, cargo) VALUES (17, 306, 'Level Designer');
INSERT INTO DESIGNERS (id_funcionario, id_criacao, cargo) VALUES (18, 307, 'Level Designer');
INSERT INTO DESIGNERS (id_funcionario, id_criacao, cargo) VALUES (19, 308, 'Supervisor de Arte');
INSERT INTO DESIGNERS (id_funcionario, id_criacao, cargo) VALUES (20, 309, 'Supervisor de Arte');

INSERT INTO ENGENHEIROS_DE_SOM (id_funcionario, id_som, cargo) VALUES (21, 400, 'Dublador');
INSERT INTO ENGENHEIROS_DE_SOM (id_funcionario, id_som, cargo) VALUES (22, 401, 'Dublador');
INSERT INTO ENGENHEIROS_DE_SOM (id_funcionario, id_som, cargo) VALUES (23, 402, 'Compositor');
INSERT INTO ENGENHEIROS_DE_SOM (id_funcionario, id_som, cargo) VALUES (24, 403, 'Compositor');
INSERT INTO ENGENHEIROS_DE_SOM (id_funcionario, id_som, cargo) VALUES (25, 404, 'Mixagem');
INSERT INTO ENGENHEIROS_DE_SOM (id_funcionario, id_som, cargo) VALUES (26, 405, 'Mixagem');
INSERT INTO ENGENHEIROS_DE_SOM (id_funcionario, id_som, cargo) VALUES (27, 406, 'Artista Musical');
INSERT INTO ENGENHEIROS_DE_SOM (id_funcionario, id_som, cargo) VALUES (28, 407, 'Artista Musical');
INSERT INTO ENGENHEIROS_DE_SOM (id_funcionario, id_som, cargo) VALUES (29, 408, 'Supervisor de Som');
INSERT INTO ENGENHEIROS_DE_SOM (id_funcionario, id_som, cargo) VALUES (30, 409, 'Supervisor de Som');

INSERT INTO PROGRAMADORES (id_funcionario, id_codigo, cargo) VALUES (1, 500, 'Prog Som');
INSERT INTO PROGRAMADORES (id_funcionario, id_codigo, cargo) VALUES (2, 501, 'Prog Som');
INSERT INTO PROGRAMADORES (id_funcionario, id_codigo, cargo) VALUES (3, 502, 'Prog IA');
INSERT INTO PROGRAMADORES (id_funcionario, id_codigo, cargo) VALUES (4, 503, 'Prog IA');
INSERT INTO PROGRAMADORES (id_funcionario, id_codigo, cargo) VALUES (5, 504, 'Prog Redes');
INSERT INTO PROGRAMADORES (id_funcionario, id_codigo, cargo) VALUES (6, 505, 'Prog Redes');
INSERT INTO PROGRAMADORES (id_funcionario, id_codigo, cargo) VALUES (7, 506, 'Prog Gráficos');
INSERT INTO PROGRAMADORES (id_funcionario, id_codigo, cargo) VALUES (8, 507, 'Prog Gráficos');
INSERT INTO PROGRAMADORES (id_funcionario, id_codigo, cargo) VALUES (9, 508, 'Prog Ferramentas');
INSERT INTO PROGRAMADORES (id_funcionario, id_codigo, cargo) VALUES (10, 509, 'Prog Ferramentas');

INSERT INTO COPIAS (id,preco,midia,nome_jogo) VALUES (800, 'R$ 150,00', 'Física', 'World of Warcraft');			
INSERT INTO COPIAS (id,preco,midia,nome_jogo) VALUES (801, 'R$ 300,00', 'Física', 'Starcraft 2');			
INSERT INTO COPIAS (id,preco,midia,nome_jogo) VALUES (802, 'R$ 175,00', 'Digital', 'World of Warcraft');			
INSERT INTO COPIAS (id,preco,midia,nome_jogo) VALUES (803, 'R$ 325,00', 'Digital', 'Starcraft 2');			
INSERT INTO COPIAS (id,preco,midia,nome_jogo) VALUES (804, 'R$ 400,00', 'Física', 'Hearthstone');			
INSERT INTO COPIAS (id,preco,midia,nome_jogo) VALUES (805, 'R$ 450,00', 'Física', 'Overwatch');			
INSERT INTO COPIAS (id,preco,midia,nome_jogo) VALUES (806, 'R$ 425,00', 'Digital', 'Hearthstone');			
INSERT INTO COPIAS (id,preco,midia,nome_jogo) VALUES (807, 'R$ 475,00', 'Digital', 'Overwatch');			
INSERT INTO COPIAS (id,preco,midia,nome_jogo) VALUES (808, 'R$ 500,00', 'Física', 'Diablo 3');			
INSERT INTO COPIAS (id,preco,midia,nome_jogo) VALUES (809, 'R$ 550,00', 'Física', 'Heroes of the Storm');			

INSERT INTO PLATAFORMA (id_plataforma, marca, fabricante, versao) VALUES (1001, 'Playstation', 'Sony', 'PS5');			
INSERT INTO PLATAFORMA (id_plataforma, marca, fabricante, versao) VALUES (1002, 'Playstation', 'Sony', 'PSP');			
INSERT INTO PLATAFORMA (id_plataforma, marca, fabricante, versao) VALUES (1003, 'Playstation', 'Sony', 'PS4');			
INSERT INTO PLATAFORMA (id_plataforma, marca, fabricante, versao) VALUES (1004, 'Playstation', 'Sony', 'PS3');			
INSERT INTO PLATAFORMA (id_plataforma, marca, fabricante, versao) VALUES (1005, 'xBox', 'Microsoft', 'xBox One');			
INSERT INTO PLATAFORMA (id_plataforma, marca, fabricante, versao) VALUES (1006, 'xBox', 'Microsoft', 'xBox Series X');			
INSERT INTO PLATAFORMA (id_plataforma, marca, fabricante, versao) VALUES (1007, 'xBox', 'Microsoft', 'xBox Series S');			
INSERT INTO PLATAFORMA (id_plataforma, marca, fabricante, versao) VALUES (1008, 'Nintendo', 'Nintendo', 'Nintendo Switch');			
INSERT INTO PLATAFORMA (id_plataforma, marca, fabricante, versao) VALUES (1009, 'Nintendo', 'Nintendo', 'Wii U');			
INSERT INTO PLATAFORMA (id_plataforma, marca, fabricante, versao) VALUES (1010, 'Nintendo', 'Nintendo', 'Wii');			

INSERT INTO PLATAFORMA_TEM_COPIAS (id_plataforma, id_copia) VALUES (1001, 800);	
INSERT INTO PLATAFORMA_TEM_COPIAS (id_plataforma, id_copia) VALUES (1002, 801);	
INSERT INTO PLATAFORMA_TEM_COPIAS (id_plataforma, id_copia) VALUES (1003, 802);	
INSERT INTO PLATAFORMA_TEM_COPIAS (id_plataforma, id_copia) VALUES (1004, 803);	
INSERT INTO PLATAFORMA_TEM_COPIAS (id_plataforma, id_copia) VALUES (1005, 804);	
INSERT INTO PLATAFORMA_TEM_COPIAS (id_plataforma, id_copia) VALUES (1006, 805);	
INSERT INTO PLATAFORMA_TEM_COPIAS (id_plataforma, id_copia) VALUES (1007, 806);	
INSERT INTO PLATAFORMA_TEM_COPIAS (id_plataforma, id_copia) VALUES (1008, 807);	
INSERT INTO PLATAFORMA_TEM_COPIAS (id_plataforma, id_copia) VALUES (1009, 808);	
INSERT INTO PLATAFORMA_TEM_COPIAS (id_plataforma, id_copia) VALUES (1010, 809);	

INSERT INTO CONTEUDO_ADICIONAL	(nome_jogo, nome_dlc, preco_dlc, tamanho_dlc) VALUES ('World of Warcraft', 'The Burning Crusade', 'R$ 60,00', 'Pequeno');			
INSERT INTO CONTEUDO_ADICIONAL	(nome_jogo, nome_dlc, preco_dlc, tamanho_dlc) VALUES ('World of Warcraft', 'Wrath of the Lich King', 'R$ 60,00', 'Pequeno');			
INSERT INTO CONTEUDO_ADICIONAL	(nome_jogo, nome_dlc, preco_dlc, tamanho_dlc) VALUES ('World of Warcraft', 'Cataclysm', 'R$ 60,00', 'Pequeno');			
INSERT INTO CONTEUDO_ADICIONAL	(nome_jogo, nome_dlc, preco_dlc, tamanho_dlc) VALUES ('World of Warcraft', 'Mists of Pandaria', 'R$ 90,00', 'Média');			
INSERT INTO CONTEUDO_ADICIONAL	(nome_jogo, nome_dlc, preco_dlc, tamanho_dlc) VALUES ('World of Warcraft', 'Warlods of Draenor', 'R$ 90,00', 'Média');			
INSERT INTO CONTEUDO_ADICIONAL	(nome_jogo, nome_dlc, preco_dlc, tamanho_dlc) VALUES ('World of Warcraft', 'Legion', 'R$ 90,00', 'Média');			
INSERT INTO CONTEUDO_ADICIONAL	(nome_jogo, nome_dlc, preco_dlc, tamanho_dlc) VALUES ('World of Warcraft', 'Battle for Azeroth', 'R$ 120,00', 'Grande');			
INSERT INTO CONTEUDO_ADICIONAL	(nome_jogo, nome_dlc, preco_dlc, tamanho_dlc) VALUES ('World of Warcraft', 'Shadowlands', 'R$ 120,00', 'Grande');			
INSERT INTO CONTEUDO_ADICIONAL	(nome_jogo, nome_dlc, preco_dlc, tamanho_dlc) VALUES ('Warcraft 3', 'The Frozen Throne', 'R$ 120,00', 'Grande');			
INSERT INTO CONTEUDO_ADICIONAL	(nome_jogo, nome_dlc, preco_dlc, tamanho_dlc) VALUES ('Diablo 3', 'Rise of the Necromancer', 'R$ 120,00', 'Grande');			
